<?xml version="1.0" encoding="UTF-8" standalone="no"?>
<ExtensionManifest xmlns:xsi="http://www.w3.org/2001/XMLSchema-instance" ExtensionBundleId="com.adobe.nodeJS" ExtensionBundleVersion="1.0" Version="9.0"> <!-- MAJOR-VERSION-UPDATE-MARKER -->
    <ExtensionList>s
        <Extension Id="com.adobe.nodeJS.Modeless" Version="9.0"/>
    </ExtensionList>
    <ExecutionEnvironment>
        <HostList>
            <Host Name="DRWV" Version="15.0"/>
            <Host Name="FLPR" Version="15.0"/>
            <Host Name="IDSN" Version="11.0"/>
            <Host Name="AICY" Version="11.0"/>
            <Host Name="ILST" Version="24.0"/>
            <Host Name="PHSP" Version="16.0"/>
            <Host Name="PHXS" Version="16.0"/>
            <Host Name="PPRO" Version="9.0"/>
            <Host Name="PRLD" Version="4.0"/>
            <Host Name="AEFT" Version="13.0"/>
            <Host Name="DEMO" Version="1.0"/>
            <Host Name="AUDT" Version="8.0"/>
            <Host Name="LTRM" Version="7.0"/>
            <Host Name="UKNW" Version="1.0"/>
            <Host Name="MUSE" Version="2015"/>
        </HostList>
        <LocaleList>
            <Locale Code="All"/>
        </LocaleList>
        <RequiredRuntimeList>
            <RequiredRuntime Name="CSXS" Version="9.0"/> <!-- MAJOR-VERSION-UPDATE-MARKER -->
        </RequiredRuntimeList>
    </ExecutionEnvironment>
    <DispatchInfoList>
        <Extension Id="com.adobe.nodeJS.Modeless">
            <DispatchInfo>
                <Resources>
                    <MainPath>./index.html</MainPath>
                    <CEFCommandLine>
                      <Parameter>--enable-nodejs</Parameter>
                     <!-- <Parameter> mixed-context</Parameter> -->
                    </CEFCommandLine>
                </Resources>
                <Lifecycle>
                    <AutoVisible>true</AutoVisible>
                </Lifecycle>
                <UI>
                    <Type>Modeless</Type>
                    <Menu>Node-JS</Menu>
                    <Geometry>
                        <Size>
                            <Height>700</Height>
                            <Width>700</Width>
                        </Size>
                        <MinSize>
                            <Height>400</Height>
                            <Width>700</Width>
						</MinSize>
                    </Geometry>
                </UI>
            </DispatchInfo>
        </Extension>
    </DispatchInfoList>
</ExtensionManifest>
